generation,name,type_1,type_2,rarity,stage,shape,color,total_stats,height,weight
1,bulbasaur,grass,poison,regular,s1c3,quadruped,green,318,0.7,6.9
1,ivysaur,grass,poison,regular,s2c3,quadruped,green,405,1.0,13.0
1,venusaur,grass,poison,regular,s3c3,quadruped,green,525,2.0,100.0
1,charmander,fire,,regular,s1c3,upright,red,309,0.6,8.5
1,charmeleon,fire,,regular,s2c3,upright,red,405,1.1,19.0
1,charizard,fire,flying,regular,s3c3,upright,red,534,1.7,90.5
1,squirtle,water,,regular,s1c3,upright,blue,314,0.5,9.0
1,wartortle,water,,regular,s2c3,upright,blue,405,1.0,22.5
1,blastoise,water,,regular,s3c3,upright,blue,530,1.6,85.5
1,caterpie,bug,,regular,s1c3,armor,green,195,0.3,2.9
1,metapod,bug,,regular,s2c3,squiggle,green,205,0.7,9.9
1,butterfree,bug,flying,regular,s3c3,bug-wings,white,395,1.1,32.0
1,weedle,bug,poison,regular,s1c3,armor,brown,195,0.3,3.2
1,kakuna,bug,poison,regular,s2c3,squiggle,yellow,205,0.6,10.0
1,beedrill,bug,poison,regular,s3c3,bug-wings,yellow,395,1.0,29.5
1,pidgey,normal,flying,regular,s1c3,wings,brown,251,0.3,1.8
1,pidgeotto,normal,flying,regular,s2c3,wings,brown,349,1.1,30.0
1,pidgeot,normal,flying,regular,s3c3,wings,brown,479,1.5,39.5
1,rattata,normal,,regular,s1c2,quadruped,purple,253,0.3,3.5
1,raticate,normal,,regular,s2c2,quadruped,brown,413,0.7,18.5
1,spearow,normal,flying,regular,s1c2,wings,brown,262,0.3,2.0
1,fearow,normal,flying,regular,s2c2,wings,brown,442,1.2,38.0
1,ekans,poison,,regular,s1c2,squiggle,purple,288,2.0,6.9
1,arbok,poison,,regular,s2c2,squiggle,purple,448,3.5,65.0
1,pikachu,electric,,regular,s2c3,quadruped,yellow,320,0.4,6.0
1,raichu,electric,,regular,s3c3,upright,yellow,485,0.8,30.0
1,sandshrew,ground,,regular,s1c2,upright,yellow,300,0.6,12.0
1,sandslash,ground,,regular,s2c2,upright,yellow,450,1.0,29.5
1,nidoran_f,poison,,regular,single,quadruped,blue,275,0.4,7.0
1,nidorina,poison,,regular,s2c3,quadruped,blue,365,0.8,20.0
1,nidoqueen,poison,ground,regular,s3c3,upright,blue,505,1.3,60.0
1,nidoran_m,poison,,regular,single,quadruped,purple,273,0.5,9.0
1,nidorino,poison,,regular,s2c3,quadruped,purple,365,0.9,19.5
1,nidoking,poison,ground,regular,s3c3,upright,purple,505,1.4,62.0
1,clefairy,fairy,,regular,s2c3,upright,pink,323,0.6,7.5
1,clefable,fairy,,regular,s3c3,upright,pink,483,1.3,40.0
1,vulpix,fire,,regular,s1c2,quadruped,brown,299,0.6,9.9
1,ninetales,fire,,regular,s2c2,quadruped,yellow,505,1.1,19.9
1,jigglypuff,normal,fairy,regular,s2c3,humanoid,pink,270,0.5,5.5
1,wigglytuff,normal,fairy,regular,s3c3,humanoid,pink,435,1.0,12.0
1,zubat,poison,flying,regular,s1c3,wings,purple,245,0.8,7.5
1,golbat,poison,flying,regular,s2c3,wings,purple,455,1.6,55.0
1,oddish,grass,poison,regular,s1c3,legs,blue,320,0.5,5.4
1,gloom,grass,poison,regular,s2c3,humanoid,blue,395,0.8,8.6
1,vileplume,grass,poison,regular,s3c3,humanoid,red,490,1.2,18.6
1,paras,bug,grass,regular,s1c2,armor,red,285,0.3,5.4
1,parasect,bug,grass,regular,s2c2,armor,red,405,1.0,29.5
1,venonat,bug,poison,regular,s1c2,humanoid,purple,305,1.0,30.0
1,venomoth,bug,poison,regular,s2c2,bug-wings,purple,450,1.5,12.5
1,diglett,ground,,regular,s1c2,blob,brown,265,0.2,0.8
1,dugtrio,ground,,regular,s2c2,heads,brown,425,0.7,33.3
1,meowth,normal,,regular,s1c2,quadruped,yellow,290,0.4,4.2
1,persian,normal,,regular,s2c2,quadruped,yellow,440,1.0,32.0
1,psyduck,water,,regular,s1c2,upright,yellow,320,0.8,19.6
1,golduck,water,,regular,s2c2,upright,blue,500,1.7,76.6
1,mankey,fighting,,regular,s1c3,upright,brown,305,0.5,28.0
1,primeape,fighting,,regular,s2c3,upright,brown,455,1.0,32.0
1,growlithe,fire,,regular,s1c2,quadruped,brown,350,0.7,19.0
1,arcanine,fire,,regular,s2c2,quadruped,brown,555,1.9,155.0
1,poliwag,water,,regular,s1c3,legs,blue,300,0.6,12.4
1,poliwhirl,water,,regular,s2c3,humanoid,blue,385,1.0,20.0
1,poliwrath,water,fighting,regular,s3c3,humanoid,blue,510,1.3,54.0
1,abra,psychic,,regular,s1c3,upright,brown,310,0.9,19.5
1,kadabra,psychic,,regular,s2c3,upright,brown,400,1.3,56.5
1,alakazam,psychic,,regular,s3c3,humanoid,brown,500,1.5,48.0
1,machop,fighting,,regular,s1c3,upright,gray,305,0.8,19.5
1,machoke,fighting,,regular,s2c3,humanoid,gray,405,1.5,70.5
1,machamp,fighting,,regular,s3c3,humanoid,gray,505,1.6,130.0
1,bellsprout,grass,poison,regular,s1c3,humanoid,green,300,0.7,4.0
1,weepinbell,grass,poison,regular,s2c3,blob,green,390,1.0,6.4
1,victreebel,grass,poison,regular,s3c3,blob,green,490,1.7,15.5
1,tentacool,water,poison,regular,s1c2,tentacles,blue,335,0.9,45.5
1,tentacruel,water,poison,regular,s2c2,tentacles,blue,515,1.6,55.0
1,geodude,rock,ground,regular,s1c3,arms,brown,300,0.4,20.0
1,graveler,rock,ground,regular,s2c3,humanoid,brown,390,1.0,105.0
1,golem,rock,ground,regular,s3c3,humanoid,brown,495,1.4,300.0
1,ponyta,fire,,regular,s1c2,quadruped,yellow,410,1.0,30.0
1,rapidash,fire,,regular,s2c2,quadruped,yellow,500,1.7,95.0
1,slowpoke,water,psychic,regular,s1c2,quadruped,pink,315,1.2,36.0
1,slowbro,water,psychic,regular,s2c2,upright,pink,490,1.6,78.5
1,magnemite,electric,steel,regular,s1c3,arms,gray,325,0.3,6.0
1,magneton,electric,steel,regular,s2c3,heads,gray,465,1.0,60.0
1,farfetchd,normal,flying,regular,s1c2,wings,brown,377,0.8,15.0
1,doduo,normal,flying,regular,s1c2,legs,brown,310,1.4,39.2
1,dodrio,normal,flying,regular,s2c2,legs,brown,470,1.8,85.2
1,seel,water,,regular,s1c2,fish,white,325,1.1,90.0
1,dewgong,water,ice,regular,s2c2,fish,white,475,1.7,120.0
1,grimer,poison,,regular,s1c2,arms,purple,325,0.9,30.0
1,muk,poison,,regular,s2c2,arms,purple,500,1.2,30.0
1,shellder,water,,regular,s1c2,ball,purple,305,0.3,4.0
1,cloyster,water,ice,regular,s2c2,ball,purple,525,1.5,132.5
1,gastly,ghost,poison,regular,s1c3,ball,purple,310,1.3,0.1
1,haunter,ghost,poison,regular,s2c3,arms,purple,405,1.6,0.1
1,gengar,ghost,poison,regular,s3c3,upright,purple,500,1.5,40.5
1,onix,rock,ground,regular,s1c2,squiggle,gray,385,8.8,210.0
1,drowzee,psychic,,regular,s1c2,humanoid,yellow,328,1.0,32.4
1,hypno,psychic,,regular,s2c2,humanoid,yellow,483,1.6,75.6
1,krabby,water,,regular,s1c2,armor,red,325,0.4,6.5
1,kingler,water,,regular,s2c2,armor,red,475,1.3,60.0
1,voltorb,electric,,regular,s1c2,ball,red,330,0.5,10.4
1,electrode,electric,,regular,s2c2,ball,red,490,1.2,66.6
1,exeggcute,grass,psychic,regular,s1c2,heads,pink,325,0.4,2.5
1,exeggutor,grass,psychic,regular,s2c2,legs,yellow,530,2.0,120.0
1,cubone,ground,,regular,s1c2,upright,brown,320,0.4,6.5
1,marowak,ground,,regular,s2c2,upright,brown,425,1.0,45.0
1,hitmonlee,fighting,,regular,s2c2,humanoid,brown,455,1.5,49.8
1,hitmonchan,fighting,,regular,s2c2,humanoid,brown,455,1.4,50.2
1,lickitung,normal,,regular,s1c2,upright,pink,385,1.2,65.5
1,koffing,poison,,regular,s1c2,ball,purple,340,0.6,1.0
1,weezing,poison,,regular,s2c2,heads,purple,490,1.2,9.5
1,rhyhorn,ground,rock,regular,s1c3,quadruped,gray,345,1.0,115.0
1,rhydon,ground,rock,regular,s2c3,upright,gray,485,1.9,120.0
1,chansey,normal,,regular,s2c3,upright,pink,450,1.1,34.6
1,tangela,grass,,regular,s1c2,legs,blue,435,1.0,35.0
1,kangaskhan,normal,,regular,single,upright,brown,490,2.2,80.0
1,horsea,water,,regular,s1c3,blob,blue,295,0.4,8.0
1,seadra,water,,regular,s2c3,blob,blue,440,1.2,25.0
1,goldeen,water,,regular,s1c2,fish,red,320,0.6,15.0
1,seaking,water,,regular,s2c2,fish,red,450,1.3,39.0
1,staryu,water,,regular,s1c2,blob,brown,340,0.8,34.5
1,starmie,water,psychic,regular,s2c2,blob,purple,520,1.1,80.0
1,mr_mime,psychic,fairy,regular,single,humanoid,pink,460,1.3,54.5
1,scyther,bug,flying,regular,s1c2,bug-wings,green,500,1.5,56.0
1,jynx,ice,psychic,regular,s2c2,humanoid,red,455,1.4,40.6
1,electabuzz,electric,,regular,s2c3,upright,yellow,490,1.1,30.0
1,magmar,fire,,regular,s2c3,upright,red,495,1.3,44.5
1,pinsir,bug,,regular,single,humanoid,brown,500,1.5,55.0
1,tauros,normal,,regular,single,quadruped,brown,490,1.4,88.4
1,magikarp,water,,regular,s1c2,fish,red,200,0.9,10.0
1,gyarados,water,flying,regular,s2c2,squiggle,blue,540,6.5,235.0
1,lapras,water,ice,regular,single,fish,blue,535,2.5,220.0
1,ditto,normal,,regular,single,ball,purple,288,0.3,4.0
1,eevee,normal,,regular,s1c2,quadruped,brown,325,0.3,6.5
1,vaporeon,water,,regular,s2c2,quadruped,blue,525,1.0,29.0
1,jolteon,electric,,regular,s2c2,quadruped,yellow,525,0.8,24.5
1,flareon,fire,,regular,s2c2,quadruped,red,525,0.9,25.0
1,porygon,normal,,regular,s1c3,legs,pink,395,0.8,36.5
1,omanyte,rock,water,regular,s1c2,tentacles,blue,355,0.4,7.5
1,omastar,rock,water,regular,s2c2,tentacles,blue,495,1.0,35.0
1,kabuto,rock,water,regular,s1c2,armor,brown,355,0.5,11.5
1,kabutops,rock,water,regular,s2c2,upright,brown,495,1.3,40.5
1,aerodactyl,rock,flying,regular,single,wings,purple,515,1.8,59.0
1,snorlax,normal,,regular,s2c2,humanoid,black,540,2.1,460.0
1,articuno,ice,flying,legendary,single,wings,blue,580,1.7,55.4
1,zapdos,electric,flying,legendary,single,wings,yellow,580,1.6,52.6
1,moltres,fire,flying,legendary,single,wings,yellow,580,2.0,60.0
1,dratini,dragon,,regular,s1c3,squiggle,blue,300,1.8,3.3
1,dragonair,dragon,,regular,s2c3,squiggle,blue,420,4.0,16.5
1,dragonite,dragon,flying,regular,s3c3,upright,brown,600,2.2,210.0
1,mewtwo,psychic,,legendary,single,upright,purple,680,2.0,122.0
1,mew,psychic,,legendary,single,upright,pink,600,0.4,4.0
2,chikorita,grass,,regular,s1c3,quadruped,green,318,0.9,6.4
2,bayleef,grass,,regular,s2c3,quadruped,green,405,1.2,15.8
2,meganium,grass,,regular,s3c3,quadruped,green,525,1.8,100.5
2,cyndaquil,fire,,regular,s1c3,humanoid,yellow,309,0.5,7.9
2,quilava,fire,,regular,s2c3,quadruped,yellow,405,0.9,19.0
2,typhlosion,fire,,regular,s3c3,quadruped,yellow,534,1.7,79.5
2,totodile,water,,regular,s1c3,upright,blue,314,0.6,9.5
2,croconaw,water,,regular,s2c3,upright,blue,405,1.1,25.0
2,feraligatr,water,,regular,s3c3,upright,blue,530,2.3,88.8
2,sentret,normal,,regular,s1c2,quadruped,brown,215,0.8,6.0
2,furret,normal,,regular,s2c2,quadruped,brown,415,1.8,32.5
2,hoothoot,normal,flying,regular,s1c2,wings,brown,262,0.7,21.2
2,noctowl,normal,flying,regular,s2c2,wings,brown,452,1.6,40.8
2,ledyba,bug,flying,regular,s1c2,wings,red,265,1.0,10.8
2,ledian,bug,flying,regular,s2c2,wings,red,390,1.4,35.6
2,spinarak,bug,poison,regular,s1c2,armor,green,250,0.5,8.5
2,ariados,bug,poison,regular,s2c2,armor,red,400,1.1,33.5
2,crobat,poison,flying,regular,s3c3,bug-wings,purple,535,1.8,75.0
2,chinchou,water,electric,regular,s1c2,fish,blue,330,0.5,12.0
2,lanturn,water,electric,regular,s2c2,fish,blue,460,1.2,22.5
2,pichu,electric,,regular,s1c3,quadruped,yellow,205,0.3,2.0
2,cleffa,fairy,,regular,s1c3,upright,pink,218,0.3,3.0
2,igglybuff,normal,fairy,regular,s1c3,humanoid,pink,210,0.3,1.0
2,togepi,fairy,,regular,s1c3,humanoid,white,245,0.3,1.5
2,togetic,fairy,flying,regular,s2c3,humanoid,white,405,0.6,3.2
2,natu,psychic,flying,regular,s1c2,wings,green,320,0.2,2.0
2,xatu,psychic,flying,regular,s2c2,wings,green,470,1.5,15.0
2,mareep,electric,,regular,s1c3,quadruped,white,280,0.6,7.8
2,flaaffy,electric,,regular,s2c3,upright,pink,365,0.8,13.3
2,ampharos,electric,,regular,s3c3,upright,yellow,510,1.4,61.5
2,bellossom,grass,,regular,s3c3,humanoid,green,490,0.4,5.8
2,marill,water,fairy,regular,s2c3,upright,blue,250,0.4,8.5
2,azumarill,water,fairy,regular,s3c3,upright,blue,420,0.8,28.5
2,sudowoodo,rock,,regular,s2c2,humanoid,brown,410,1.2,38.0
2,politoed,water,,regular,s3c3,humanoid,green,500,1.1,33.9
2,hoppip,grass,flying,regular,s1c3,upright,pink,250,0.4,0.5
2,skiploom,grass,flying,regular,s2c3,upright,green,340,0.6,1.0
2,jumpluff,grass,flying,regular,s3c3,upright,blue,460,0.8,3.0
2,aipom,normal,,regular,s1c2,upright,purple,360,0.8,11.5
2,sunkern,grass,,regular,s1c2,ball,yellow,180,0.3,1.8
2,sunflora,grass,,regular,s2c2,humanoid,yellow,425,0.8,8.5
2,yanma,bug,flying,regular,s1c2,bug-wings,red,390,1.2,38.0
2,wooper,water,ground,regular,s1c2,legs,blue,210,0.4,8.5
2,quagsire,water,ground,regular,s2c2,upright,blue,430,1.4,75.0
2,espeon,psychic,,regular,s2c2,quadruped,purple,525,0.9,26.5
2,umbreon,dark,,regular,s2c2,quadruped,black,525,1.0,27.0
2,murkrow,dark,flying,regular,s1c2,wings,black,405,0.5,2.1
2,slowking,water,psychic,regular,s2c2,upright,pink,490,2.0,79.5
2,misdreavus,ghost,,regular,s1c2,ball,gray,435,0.7,1.0
2,unown,psychic,,regular,single,ball,black,336,0.5,5.0
2,wobbuffet,psychic,,regular,s2c2,blob,blue,405,1.3,28.5
2,girafarig,normal,psychic,regular,s1c2,quadruped,yellow,455,1.5,41.5
2,pineco,bug,,regular,s1c2,ball,gray,290,0.6,7.2
2,forretress,bug,steel,regular,s2c2,ball,purple,465,1.2,125.8
2,dunsparce,normal,,regular,s1c2,squiggle,yellow,415,1.5,14.0
2,gligar,ground,flying,regular,s1c2,wings,purple,430,1.1,64.8
2,steelix,steel,ground,regular,s2c2,squiggle,gray,510,9.2,400.0
2,snubbull,fairy,,regular,s1c2,humanoid,pink,300,0.6,7.8
2,granbull,fairy,,regular,s2c2,upright,purple,450,1.4,48.7
2,qwilfish,water,poison,regular,s1c2,fish,gray,440,0.5,3.9
2,scizor,bug,steel,regular,s2c2,bug-wings,red,500,1.8,118.0
2,shuckle,bug,rock,regular,single,armor,yellow,505,0.6,20.5
2,heracross,bug,fighting,regular,single,humanoid,blue,500,1.5,54.0
2,sneasel,dark,ice,regular,s1c2,upright,black,430,0.9,28.0
2,teddiursa,normal,,regular,s1c3,upright,brown,330,0.6,8.8
2,ursaring,normal,,regular,s2c3,upright,brown,500,1.8,125.8
2,slugma,fire,,regular,s1c2,squiggle,red,250,0.7,35.0
2,magcargo,fire,rock,regular,s2c2,squiggle,red,430,0.8,55.0
2,swinub,ice,ground,regular,s1c3,quadruped,brown,250,0.4,6.5
2,piloswine,ice,ground,regular,s2c3,quadruped,brown,450,1.1,55.8
2,corsola,water,rock,regular,s1c2,armor,pink,410,0.6,5.0
2,remoraid,water,,regular,s1c2,fish,gray,300,0.6,12.0
2,octillery,water,,regular,s2c2,tentacles,red,480,0.9,28.5
2,delibird,ice,flying,regular,single,wings,red,330,0.9,16.0
2,mantine,water,flying,regular,s2c2,wings,purple,485,2.1,220.0
2,skarmory,steel,flying,regular,single,wings,gray,465,1.7,50.5
2,houndour,dark,fire,regular,s1c2,quadruped,black,330,0.6,10.8
2,houndoom,dark,fire,regular,s2c2,quadruped,black,500,1.4,35.0
2,kingdra,water,dragon,regular,s3c3,blob,blue,540,1.8,152.0
2,phanpy,ground,,regular,s1c2,quadruped,blue,330,0.5,33.5
2,donphan,ground,,regular,s2c2,quadruped,gray,500,1.1,120.0
2,porygon2,normal,,regular,s2c3,legs,red,515,0.6,32.5
2,stantler,normal,,regular,s1c2,quadruped,brown,465,1.4,71.2
2,smeargle,normal,,regular,single,upright,white,250,1.2,58.0
2,tyrogue,fighting,,regular,s1c2,humanoid,purple,210,0.7,21.0
2,hitmontop,fighting,,regular,s2c2,upright,brown,455,1.4,48.0
2,smoochum,ice,psychic,regular,s1c2,humanoid,pink,305,0.4,6.0
2,elekid,electric,,regular,s1c3,humanoid,yellow,360,0.6,23.5
2,magby,fire,,regular,s1c3,upright,red,365,0.7,21.4
2,miltank,normal,,regular,single,upright,pink,490,1.2,75.5
2,blissey,normal,,regular,s3c3,humanoid,pink,540,1.5,46.8
2,raikou,electric,,legendary,single,quadruped,yellow,580,1.9,178.0
2,entei,fire,,legendary,single,quadruped,brown,580,2.1,198.0
2,suicune,water,,legendary,single,quadruped,blue,580,2.0,187.0
2,larvitar,rock,ground,regular,s1c3,upright,green,300,0.6,72.0
2,pupitar,rock,ground,regular,s2c3,squiggle,gray,410,1.2,152.0
2,tyranitar,rock,dark,regular,s3c3,upright,green,600,2.0,202.0
2,lugia,psychic,flying,legendary,single,wings,white,680,5.2,216.0
2,ho_oh,fire,flying,legendary,single,wings,red,680,3.8,199.0
2,celebi,psychic,grass,legendary,single,humanoid,green,600,0.6,5.0
3,treecko,grass,,regular,s1c3,upright,green,310,0.5,5.0
3,grovyle,grass,,regular,s2c3,upright,green,405,0.9,21.6
3,sceptile,grass,,regular,s3c3,upright,green,530,1.7,52.2
3,torchic,fire,,regular,s1c3,legs,red,310,0.4,2.5
3,combusken,fire,fighting,regular,s2c3,upright,red,405,0.9,19.5
3,blaziken,fire,fighting,regular,s3c3,upright,red,530,1.9,52.0
3,mudkip,water,,regular,s1c3,quadruped,blue,310,0.4,7.6
3,marshtomp,water,ground,regular,s2c3,upright,blue,405,0.7,28.0
3,swampert,water,ground,regular,s3c3,upright,blue,535,1.5,81.9
3,poochyena,dark,,regular,s1c2,quadruped,gray,220,0.5,13.6
3,mightyena,dark,,regular,s2c2,quadruped,gray,420,1.0,37.0
3,zigzagoon,normal,,regular,s1c3,quadruped,brown,240,0.4,17.5
3,linoone,normal,,regular,s2c3,quadruped,white,420,0.5,32.5
3,wurmple,bug,,regular,s1c3,armor,red,195,0.3,3.6
3,silcoon,bug,,regular,s2c3,ball,white,205,0.6,10.0
3,beautifly,bug,flying,regular,s3c3,bug-wings,yellow,395,1.0,28.4
3,cascoon,bug,,regular,s2c3,ball,purple,205,0.7,11.5
3,dustox,bug,poison,regular,s3c3,bug-wings,green,385,1.2,31.6
3,lotad,water,grass,regular,s1c3,armor,green,220,0.5,2.6
3,lombre,water,grass,regular,s2c3,humanoid,green,340,1.2,32.5
3,ludicolo,water,grass,regular,s3c3,humanoid,green,480,1.5,55.0
3,seedot,grass,,regular,s1c3,legs,brown,220,0.5,4.0
3,nuzleaf,grass,dark,regular,s2c3,humanoid,brown,340,1.0,28.0
3,shiftry,grass,dark,regular,s3c3,humanoid,brown,480,1.3,59.6
3,taillow,normal,flying,regular,s1c2,wings,blue,270,0.3,2.3
3,swellow,normal,flying,regular,s2c2,wings,blue,455,0.7,19.8
3,wingull,water,flying,regular,s1c2,wings,white,270,0.6,9.5
3,pelipper,water,flying,regular,s2c2,wings,yellow,440,1.2,28.0
3,ralts,psychic,fairy,regular,s1c3,humanoid,white,198,0.4,6.6
3,kirlia,psychic,fairy,regular,s2c3,humanoid,white,278,0.8,20.2
3,gardevoir,psychic,fairy,regular,s3c3,humanoid,white,518,1.6,48.4
3,surskit,bug,water,regular,s1c2,armor,blue,269,0.5,1.7
3,masquerain,bug,flying,regular,s2c2,bug-wings,blue,454,0.8,3.6
3,shroomish,grass,,regular,s1c2,legs,brown,295,0.4,4.5
3,breloom,grass,fighting,regular,s2c2,upright,green,460,1.2,39.2
3,slakoth,normal,,regular,s1c3,quadruped,brown,280,0.8,24.0
3,vigoroth,normal,,regular,s2c3,upright,white,440,1.4,46.5
3,slaking,normal,,regular,s3c3,humanoid,brown,670,2.0,130.5
3,nincada,bug,ground,regular,s1c2,armor,gray,266,0.5,5.5
3,ninjask,bug,flying,regular,s2c2,bug-wings,yellow,456,0.8,12.0
3,shedinja,bug,ghost,regular,s2c2,blob,brown,236,0.8,1.2
3,whismur,normal,,regular,s1c3,upright,pink,240,0.6,16.3
3,loudred,normal,,regular,s2c3,upright,blue,360,1.0,40.5
3,exploud,normal,,regular,s3c3,upright,blue,490,1.5,84.0
3,makuhita,fighting,,regular,s1c2,humanoid,yellow,237,1.0,86.4
3,hariyama,fighting,,regular,s2c2,humanoid,brown,474,2.3,253.8
3,azurill,normal,fairy,regular,s1c3,legs,blue,190,0.2,2.0
3,nosepass,rock,,regular,s1c2,humanoid,gray,375,1.0,97.0
3,skitty,normal,,regular,s1c2,quadruped,pink,260,0.6,11.0
3,delcatty,normal,,regular,s2c2,quadruped,purple,400,1.1,32.6
3,sableye,dark,ghost,regular,single,humanoid,purple,380,0.5,11.0
3,mawile,steel,fairy,regular,single,humanoid,black,380,0.6,11.5
3,aron,steel,rock,regular,s1c3,quadruped,gray,330,0.4,60.0
3,lairon,steel,rock,regular,s2c3,quadruped,gray,430,0.9,120.0
3,aggron,steel,rock,regular,s3c3,upright,gray,530,2.1,360.0
3,meditite,fighting,psychic,regular,s1c2,humanoid,blue,280,0.6,11.2
3,medicham,fighting,psychic,regular,s2c2,humanoid,red,410,1.3,31.5
3,electrike,electric,,regular,s1c2,quadruped,green,295,0.6,15.2
3,manectric,electric,,regular,s2c2,quadruped,yellow,475,1.5,40.2
3,plusle,electric,,regular,single,upright,yellow,405,0.4,4.2
3,minun,electric,,regular,single,upright,yellow,405,0.4,4.2
3,volbeat,bug,,regular,single,upright,gray,430,0.7,17.7
3,illumise,bug,,regular,single,humanoid,purple,430,0.6,17.7
3,roselia,grass,poison,regular,s2c3,humanoid,green,400,0.3,2.0
3,gulpin,poison,,regular,s1c2,arms,green,302,0.4,10.3
3,swalot,poison,,regular,s2c2,arms,purple,467,1.7,80.0
3,carvanha,water,dark,regular,s1c2,fish,red,305,0.8,20.8
3,sharpedo,water,dark,regular,s2c2,fish,blue,460,1.8,88.8
3,wailmer,water,,regular,s1c2,fish,blue,400,2.0,130.0
3,wailord,water,,regular,s2c2,fish,blue,500,14.5,398.0
3,numel,fire,ground,regular,s1c2,quadruped,yellow,305,0.7,24.0
3,camerupt,fire,ground,regular,s2c2,quadruped,red,460,1.9,220.0
3,torkoal,fire,,regular,single,quadruped,brown,470,0.5,80.4
3,spoink,psychic,,regular,s1c2,arms,black,330,0.7,30.6
3,grumpig,psychic,,regular,s2c2,upright,purple,470,0.9,71.5
3,spinda,normal,,regular,single,upright,brown,360,1.1,5.0
3,trapinch,ground,,regular,s1c3,armor,brown,290,0.7,15.0
3,vibrava,ground,dragon,regular,s2c3,bug-wings,green,340,1.1,15.3
3,flygon,ground,dragon,regular,s3c3,wings,green,520,2.0,82.0
3,cacnea,grass,,regular,s1c2,humanoid,green,335,0.4,51.3
3,cacturne,grass,dark,regular,s2c2,humanoid,green,475,1.3,77.4
3,swablu,normal,flying,regular,s1c2,wings,blue,310,0.4,1.2
3,altaria,dragon,flying,regular,s2c2,wings,blue,490,1.1,20.6
3,zangoose,normal,,regular,single,upright,white,458,1.3,40.3
3,seviper,poison,,regular,single,squiggle,black,458,2.7,52.5
3,lunatone,rock,psychic,regular,single,ball,yellow,460,1.0,168.0
3,solrock,rock,psychic,regular,single,ball,red,460,1.2,154.0
3,barboach,water,ground,regular,s1c2,fish,gray,288,0.4,1.9
3,whiscash,water,ground,regular,s2c2,fish,blue,468,0.9,23.6
3,corphish,water,,regular,s1c2,armor,red,308,0.6,11.5
3,crawdaunt,water,dark,regular,s2c2,armor,red,468,1.1,32.8
3,baltoy,ground,psychic,regular,s1c2,arms,brown,300,0.5,21.5
3,claydol,ground,psychic,regular,s2c2,arms,black,500,1.5,108.0
3,lileep,rock,grass,regular,s1c2,blob,purple,355,1.0,23.8
3,cradily,rock,grass,regular,s2c2,blob,green,495,1.5,60.4
3,anorith,rock,bug,regular,s1c2,armor,gray,355,0.7,12.5
3,armaldo,rock,bug,regular,s2c2,upright,gray,495,1.5,68.2
3,feebas,water,,regular,s1c2,fish,brown,200,0.6,7.4
3,milotic,water,,regular,s2c2,squiggle,pink,540,6.2,162.0
3,castform,normal,,regular,single,ball,gray,420,0.3,0.8
3,kecleon,normal,,regular,single,upright,green,440,1.0,22.0
3,shuppet,ghost,,regular,s1c2,ball,black,295,0.6,2.3
3,banette,ghost,,regular,s2c2,upright,black,455,1.1,12.5
3,duskull,ghost,,regular,s1c3,arms,black,295,0.8,15.0
3,dusclops,ghost,,regular,s2c3,humanoid,black,455,1.6,30.6
3,tropius,grass,flying,regular,single,quadruped,green,460,2.0,100.0
3,chimecho,psychic,,regular,s2c2,arms,blue,455,0.6,1.0
3,absol,dark,,regular,single,quadruped,white,465,1.2,47.0
3,wynaut,psychic,,regular,s1c2,upright,blue,260,0.6,14.0
3,snorunt,ice,,regular,s1c2,humanoid,gray,300,0.7,16.8
3,glalie,ice,,regular,s2c2,ball,gray,480,1.5,256.5
3,spheal,ice,water,regular,s1c3,fish,blue,290,0.8,39.5
3,sealeo,ice,water,regular,s2c3,fish,blue,410,1.1,87.6
3,walrein,ice,water,regular,s3c3,quadruped,blue,530,1.4,150.6
3,clamperl,water,,regular,s1c2,ball,blue,345,0.4,52.5
3,huntail,water,,regular,s2c2,squiggle,blue,485,1.7,27.0
3,gorebyss,water,,regular,s2c2,squiggle,pink,485,1.8,22.6
3,relicanth,water,rock,regular,single,fish,gray,485,1.0,23.4
3,luvdisc,water,,regular,single,fish,pink,330,0.6,8.7
3,bagon,dragon,,regular,s1c3,humanoid,blue,300,0.6,42.1
3,shelgon,dragon,,regular,s2c3,quadruped,white,420,1.1,110.5
3,salamence,dragon,flying,regular,s3c3,quadruped,blue,600,1.5,102.6
3,beldum,steel,psychic,regular,s1c3,blob,blue,300,0.6,95.2
3,metang,steel,psychic,regular,s2c3,arms,blue,420,1.2,202.5
3,metagross,steel,psychic,regular,s3c3,heads,blue,600,1.6,550.0
3,regirock,rock,,legendary,single,humanoid,brown,580,1.7,230.0
3,regice,ice,,legendary,single,humanoid,blue,580,1.8,175.0
3,registeel,steel,,legendary,single,humanoid,gray,580,1.9,205.0
3,latias,dragon,psychic,legendary,single,wings,red,600,1.4,40.0
3,latios,dragon,psychic,legendary,single,wings,blue,600,2.0,60.0
3,kyogre,water,,legendary,single,fish,blue,670,4.5,352.0
3,groudon,ground,,legendary,single,upright,red,670,3.5,950.0
3,rayquaza,dragon,flying,legendary,single,squiggle,green,680,7.0,206.5
3,jirachi,steel,psychic,legendary,single,humanoid,yellow,600,0.3,1.1
3,deoxys,psychic,,legendary,single,humanoid,red,600,1.7,60.8
4,turtwig,grass,,regular,s1c3,quadruped,green,318,0.4,10.2
4,grotle,grass,,regular,s2c3,quadruped,green,405,1.1,97.0
4,torterra,grass,ground,regular,s3c3,quadruped,green,525,2.2,310.0
4,chimchar,fire,,regular,s1c3,upright,brown,309,0.5,6.2
4,monferno,fire,fighting,regular,s2c3,upright,brown,405,0.9,22.0
4,infernape,fire,fighting,regular,s3c3,upright,brown,534,1.2,55.0
4,piplup,water,,regular,s1c3,humanoid,blue,314,0.4,5.2
4,prinplup,water,,regular,s2c3,upright,blue,405,0.8,23.0
4,empoleon,water,steel,regular,s3c3,upright,blue,530,1.7,84.5
4,starly,normal,flying,regular,s1c3,wings,brown,245,0.3,2.0
4,staravia,normal,flying,regular,s2c3,wings,brown,340,0.6,15.5
4,staraptor,normal,flying,regular,s3c3,wings,brown,485,1.2,24.9
4,bidoof,normal,,regular,s1c2,quadruped,brown,250,0.5,20.0
4,bibarel,normal,water,regular,s2c2,upright,brown,410,1.0,31.5
4,kricketot,bug,,regular,s1c2,humanoid,red,194,0.3,2.2
4,kricketune,bug,,regular,s2c2,bug-wings,red,384,1.0,25.5
4,shinx,electric,,regular,s1c3,quadruped,blue,263,0.5,9.5
4,luxio,electric,,regular,s2c3,quadruped,blue,363,0.9,30.5
4,luxray,electric,,regular,s3c3,quadruped,blue,523,1.4,42.0
4,budew,grass,poison,regular,s1c3,humanoid,green,280,0.2,1.2
4,roserade,grass,poison,regular,s3c3,humanoid,green,515,0.9,14.5
4,cranidos,rock,,regular,s1c2,upright,blue,350,0.9,31.5
4,rampardos,rock,,regular,s2c2,upright,blue,495,1.6,102.5
4,shieldon,rock,steel,regular,s1c2,quadruped,gray,350,0.5,57.0
4,bastiodon,rock,steel,regular,s2c2,quadruped,gray,495,1.3,149.5
4,burmy,bug,,regular,s1c2,blob,green,224,0.2,3.4
4,wormadam,bug,grass,regular,s2c2,blob,green,424,0.5,6.5
4,mothim,bug,flying,regular,s2c2,bug-wings,yellow,424,0.9,23.3
4,combee,bug,flying,regular,s1c2,heads,yellow,244,0.3,5.5
4,vespiquen,bug,flying,regular,s2c2,bug-wings,yellow,474,1.2,38.5
4,pachirisu,electric,,regular,single,quadruped,white,405,0.4,3.9
4,buizel,water,,regular,s1c2,quadruped,brown,330,0.7,29.5
4,floatzel,water,,regular,s2c2,quadruped,brown,495,1.1,33.5
4,cherubi,grass,,regular,s1c2,heads,pink,275,0.4,3.3
4,cherrim,grass,,regular,s2c2,legs,purple,450,0.5,9.3
4,shellos,water,,regular,s1c2,squiggle,purple,325,0.3,6.3
4,gastrodon,water,ground,regular,s2c2,squiggle,purple,475,0.9,29.9
4,ambipom,normal,,regular,s2c2,upright,purple,482,1.2,20.3
4,drifloon,ghost,flying,regular,s1c2,arms,purple,348,0.4,1.2
4,drifblim,ghost,flying,regular,s2c2,arms,purple,498,1.2,15.0
4,buneary,normal,,regular,s1c2,upright,brown,350,0.4,5.5
4,lopunny,normal,,regular,s2c2,upright,brown,480,1.2,33.3
4,mismagius,ghost,,regular,s2c2,ball,purple,495,0.9,4.4
4,honchkrow,dark,flying,regular,s2c2,wings,black,505,0.9,27.3
4,glameow,normal,,regular,s1c2,quadruped,gray,310,0.5,3.9
4,purugly,normal,,regular,s2c2,quadruped,gray,452,1.0,43.8
4,chingling,psychic,,regular,s1c2,humanoid,yellow,285,0.2,0.6
4,stunky,poison,dark,regular,s1c2,quadruped,purple,329,0.4,19.2
4,skuntank,poison,dark,regular,s2c2,quadruped,purple,479,1.0,38.0
4,bronzor,steel,psychic,regular,s1c2,ball,green,300,0.5,60.5
4,bronzong,steel,psychic,regular,s2c2,arms,green,500,1.3,187.0
4,bonsly,rock,,regular,s1c2,legs,brown,290,0.5,15.0
4,mime_jr,psychic,fairy,regular,single,humanoid,pink,310,0.6,13.0
4,happiny,normal,,regular,s1c3,humanoid,pink,220,0.6,24.4
4,chatot,normal,flying,regular,single,wings,black,411,0.5,1.9
4,spiritomb,ghost,dark,regular,single,blob,purple,485,1.0,108.0
4,gible,dragon,ground,regular,s1c3,upright,blue,300,0.7,20.5
4,gabite,dragon,ground,regular,s2c3,upright,blue,410,1.4,56.0
4,garchomp,dragon,ground,regular,s3c3,upright,blue,600,1.9,95.0
4,munchlax,normal,,regular,s1c2,humanoid,black,390,0.6,105.0
4,riolu,fighting,,regular,s1c2,upright,blue,285,0.7,20.2
4,lucario,fighting,steel,regular,s2c2,upright,blue,525,1.2,54.0
4,hippopotas,ground,,regular,s1c2,quadruped,brown,330,0.8,49.5
4,hippowdon,ground,,regular,s2c2,quadruped,brown,525,2.0,300.0
4,skorupi,poison,bug,regular,s1c2,armor,purple,330,0.8,12.0
4,drapion,poison,dark,regular,s2c2,armor,purple,500,1.3,61.5
4,croagunk,poison,fighting,regular,s1c2,humanoid,blue,300,0.7,23.0
4,toxicroak,poison,fighting,regular,s2c2,humanoid,blue,490,1.3,44.4
4,carnivine,grass,,regular,single,tentacles,green,454,1.4,27.0
4,finneon,water,,regular,s1c2,fish,blue,330,0.4,7.0
4,lumineon,water,,regular,s2c2,fish,blue,460,1.2,24.0
4,mantyke,water,flying,regular,s1c2,wings,blue,345,1.0,65.0
4,snover,grass,ice,regular,s1c2,upright,white,334,1.0,50.5
4,abomasnow,grass,ice,regular,s2c2,upright,white,494,2.2,135.5
4,weavile,dark,ice,regular,s2c2,upright,black,510,1.1,34.0
4,magnezone,electric,steel,regular,s3c3,arms,gray,535,1.2,180.0
4,lickilicky,normal,,regular,s2c2,humanoid,pink,515,1.7,140.0
4,rhyperior,ground,rock,regular,s3c3,upright,gray,535,2.4,282.8
4,tangrowth,grass,,regular,s2c2,humanoid,blue,535,2.0,128.6
4,electivire,electric,,regular,s3c3,upright,yellow,540,1.8,138.6
4,magmortar,fire,,regular,s3c3,upright,red,540,1.6,68.0
4,togekiss,fairy,flying,regular,s3c3,wings,white,545,1.5,38.0
4,yanmega,bug,flying,regular,s2c2,bug-wings,green,515,1.9,51.5
4,leafeon,grass,,regular,s2c2,quadruped,green,525,1.0,25.5
4,glaceon,ice,,regular,s2c2,quadruped,blue,525,0.8,25.9
4,gliscor,ground,flying,regular,s2c2,wings,purple,510,2.0,42.5
4,mamoswine,ice,ground,regular,s3c3,quadruped,brown,530,2.5,291.0
4,porygon_z,normal,,regular,s1c3,arms,red,535,0.9,34.0
4,gallade,psychic,fighting,regular,s3c3,humanoid,white,518,1.6,52.0
4,probopass,rock,steel,regular,s2c2,heads,gray,525,1.4,340.0
4,dusknoir,ghost,,regular,s3c3,arms,black,525,2.2,106.6
4,froslass,ice,ghost,regular,s2c2,arms,white,480,1.3,26.6
4,rotom,electric,ghost,regular,single,ball,red,440,0.3,0.3
4,uxie,psychic,,legendary,single,upright,yellow,580,0.3,0.3
4,mesprit,psychic,,legendary,single,upright,pink,580,0.3,0.3
4,azelf,psychic,,legendary,single,upright,blue,580,0.3,0.3
4,dialga,steel,dragon,legendary,single,quadruped,white,680,5.4,683.0
4,palkia,water,dragon,legendary,single,upright,purple,680,4.2,336.0
4,heatran,fire,steel,legendary,single,quadruped,brown,600,1.7,430.0
4,regigigas,normal,,legendary,single,humanoid,white,670,3.7,420.0
4,giratina,ghost,dragon,legendary,single,tentacles,black,680,4.5,750.0
4,cresselia,psychic,,legendary,single,squiggle,yellow,580,1.5,85.6
4,phione,water,,legendary,s1c2,arms,blue,480,0.4,3.1
4,manaphy,water,,legendary,s2c2,humanoid,blue,600,0.3,1.4
4,darkrai,dark,,legendary,single,humanoid,black,600,1.5,50.5
4,shaymin,grass,,legendary,single,quadruped,green,600,0.2,2.1
4,arceus,normal,,legendary,single,quadruped,white,720,3.2,320.0
5,victini,psychic,fire,legendary,single,humanoid,yellow,600,0.4,4.0
5,snivy,grass,,regular,s1c3,upright,green,308,0.6,8.1
5,servine,grass,,regular,s2c3,upright,green,413,0.8,16.0
5,serperior,grass,,regular,s3c3,squiggle,green,528,3.3,63.0
5,tepig,fire,,regular,s1c3,quadruped,red,308,0.5,9.9
5,pignite,fire,fighting,regular,s2c3,upright,red,418,1.0,55.5
5,emboar,fire,fighting,regular,s3c3,upright,red,528,1.6,150.0
5,oshawott,water,,regular,s1c3,upright,blue,308,0.5,5.9
5,dewott,water,,regular,s2c3,upright,blue,413,0.8,24.5
5,samurott,water,,regular,s3c3,quadruped,blue,528,1.5,94.6
5,patrat,normal,,regular,s1c2,quadruped,brown,255,0.5,11.6
5,watchog,normal,,regular,s2c2,upright,brown,420,1.1,27.0
5,lillipup,normal,,regular,s1c3,quadruped,brown,275,0.4,4.1
5,herdier,normal,,regular,s2c3,quadruped,gray,370,0.9,14.7
5,stoutland,normal,,regular,s3c3,quadruped,gray,500,1.2,61.0
5,purrloin,dark,,regular,s1c2,quadruped,purple,281,0.4,10.1
5,liepard,dark,,regular,s2c2,quadruped,purple,446,1.1,37.5
5,pansage,grass,,regular,s1c2,upright,green,316,0.6,10.5
5,simisage,grass,,regular,s2c2,upright,green,498,1.1,30.5
5,pansear,fire,,regular,s1c2,upright,red,316,0.6,11.0
5,simisear,fire,,regular,s2c2,upright,red,498,1.0,28.0
5,panpour,water,,regular,s1c2,upright,blue,316,0.6,13.5
5,simipour,water,,regular,s2c2,upright,blue,498,1.0,29.0
5,munna,psychic,,regular,s1c2,quadruped,pink,292,0.6,23.3
5,musharna,psychic,,regular,s2c2,humanoid,pink,487,1.1,60.5
5,pidove,normal,flying,regular,s1c3,wings,gray,264,0.3,2.1
5,tranquill,normal,flying,regular,s2c3,wings,gray,358,0.6,15.0
5,unfezant,normal,flying,regular,s3c3,wings,gray,488,1.2,29.0
5,blitzle,electric,,regular,s1c2,quadruped,black,295,0.8,29.8
5,zebstrika,electric,,regular,s2c2,quadruped,black,497,1.6,79.5
5,roggenrola,rock,,regular,s1c3,legs,blue,280,0.4,18.0
5,boldore,rock,,regular,s2c3,tentacles,blue,390,0.9,102.0
5,gigalith,rock,,regular,s3c3,tentacles,blue,515,1.7,260.0
5,woobat,psychic,flying,regular,s1c2,wings,blue,323,0.4,2.1
5,swoobat,psychic,flying,regular,s2c2,wings,blue,425,0.9,10.5
5,drilbur,ground,,regular,s1c2,upright,gray,328,0.3,8.5
5,excadrill,ground,steel,regular,s2c2,humanoid,gray,508,0.7,40.4
5,audino,normal,,regular,single,upright,pink,445,1.1,31.0
5,timburr,fighting,,regular,s1c3,humanoid,gray,305,0.6,12.5
5,gurdurr,fighting,,regular,s2c3,humanoid,gray,405,1.2,40.0
5,conkeldurr,fighting,,regular,s3c3,humanoid,brown,505,1.4,87.0
5,tympole,water,,regular,s1c3,fish,blue,294,0.5,4.5
5,palpitoad,water,ground,regular,s2c3,upright,blue,384,0.8,17.0
5,seismitoad,water,ground,regular,s3c3,humanoid,blue,509,1.5,62.0
5,throh,fighting,,regular,single,humanoid,red,465,1.3,55.5
5,sawk,fighting,,regular,single,humanoid,blue,465,1.4,51.0
5,sewaddle,bug,grass,regular,s1c3,armor,yellow,310,0.3,2.5
5,swadloon,bug,grass,regular,s2c3,arms,green,380,0.5,7.3
5,leavanny,bug,grass,regular,s3c3,humanoid,yellow,500,1.2,20.5
5,venipede,bug,poison,regular,s1c3,armor,red,260,0.4,5.3
5,whirlipede,bug,poison,regular,s2c3,ball,gray,360,1.2,58.5
5,scolipede,bug,poison,regular,s3c3,armor,red,485,2.5,200.5
5,cottonee,grass,fairy,regular,s1c2,ball,green,280,0.3,0.6
5,whimsicott,grass,fairy,regular,s2c2,humanoid,green,480,0.7,6.6
5,petilil,grass,,regular,s1c2,blob,green,280,0.5,6.6
5,lilligant,grass,,regular,s2c2,blob,green,480,1.1,16.3
5,basculin,water,,regular,s1c2,fish,green,460,1.0,18.0
5,sandile,ground,dark,regular,s1c3,quadruped,brown,292,0.7,15.2
5,krokorok,ground,dark,regular,s2c3,quadruped,brown,351,1.0,33.4
5,krookodile,ground,dark,regular,s3c3,upright,red,519,1.5,96.3
5,darumaka,fire,,regular,s1c2,humanoid,red,315,0.6,37.5
5,darmanitan,fire,,regular,s2c2,quadruped,red,480,1.3,92.9
5,maractus,grass,,regular,single,blob,green,461,1.0,28.0
5,dwebble,bug,rock,regular,s1c2,armor,red,325,0.3,14.5
5,crustle,bug,rock,regular,s2c2,armor,red,485,1.4,200.0
5,scraggy,dark,fighting,regular,s1c2,upright,yellow,348,0.6,11.8
5,scrafty,dark,fighting,regular,s2c2,upright,red,488,1.1,30.0
5,sigilyph,psychic,flying,regular,single,wings,black,490,1.4,14.0
5,yamask,ghost,,regular,s1c2,arms,black,303,0.5,1.5
5,cofagrigus,ghost,,regular,s2c2,blob,yellow,483,1.7,76.5
5,tirtouga,water,rock,regular,s1c2,quadruped,blue,355,0.7,16.5
5,carracosta,water,rock,regular,s2c2,upright,blue,495,1.2,81.0
5,archen,rock,flying,regular,s1c2,wings,yellow,401,0.5,9.5
5,archeops,rock,flying,regular,s2c2,wings,yellow,567,1.4,32.0
5,trubbish,poison,,regular,s1c2,humanoid,green,329,0.6,31.0
5,garbodor,poison,,regular,s2c2,humanoid,green,474,1.9,107.3
5,zorua,dark,,regular,s1c2,quadruped,gray,330,0.7,12.5
5,zoroark,dark,,regular,s2c2,upright,gray,510,1.6,81.1
5,minccino,normal,,regular,s1c2,quadruped,gray,300,0.4,5.8
5,cinccino,normal,,regular,s2c2,quadruped,gray,470,0.5,7.5
5,gothita,psychic,,regular,s1c3,humanoid,purple,290,0.4,5.8
5,gothorita,psychic,,regular,s2c3,humanoid,purple,390,0.7,18.0
5,gothitelle,psychic,,regular,s3c3,humanoid,purple,490,1.5,44.0
5,solosis,psychic,,regular,s1c3,ball,green,290,0.3,1.0
5,duosion,psychic,,regular,s2c3,ball,green,370,0.6,8.0
5,reuniclus,psychic,,regular,s3c3,arms,green,490,1.0,20.1
5,ducklett,water,flying,regular,s1c2,wings,blue,305,0.5,5.5
5,swanna,water,flying,regular,s2c2,wings,white,473,1.3,24.2
5,vanillite,ice,,regular,s1c3,blob,white,305,0.4,5.7
5,vanillish,ice,,regular,s2c3,blob,white,395,1.1,41.0
5,vanilluxe,ice,,regular,s3c3,heads,white,535,1.3,57.5
5,deerling,normal,grass,regular,s1c2,quadruped,pink,335,0.6,19.5
5,sawsbuck,normal,grass,regular,s2c2,quadruped,brown,475,1.9,92.5
5,emolga,electric,flying,regular,single,quadruped,white,428,0.4,5.0
5,karrablast,bug,,regular,s1c2,humanoid,blue,315,0.5,5.9
5,escavalier,bug,steel,regular,s2c2,arms,gray,495,1.0,33.0
5,foongus,grass,poison,regular,s1c2,arms,white,294,0.2,1.0
5,amoonguss,grass,poison,regular,s2c2,arms,white,464,0.6,10.5
5,frillish,water,ghost,regular,s1c2,tentacles,white,335,1.2,33.0
5,jellicent,water,ghost,regular,s2c2,tentacles,white,480,2.2,135.0
5,alomomola,water,,regular,single,fish,pink,470,1.2,31.6
5,joltik,bug,electric,regular,s1c2,armor,yellow,319,0.1,0.6
5,galvantula,bug,electric,regular,s2c2,armor,yellow,472,0.8,14.3
5,ferroseed,grass,steel,regular,s1c2,ball,gray,305,0.6,18.8
5,ferrothorn,grass,steel,regular,s2c2,tentacles,gray,489,1.0,110.0
5,klink,steel,,regular,s1c3,heads,gray,300,0.3,21.0
5,klang,steel,,regular,s2c3,heads,gray,440,0.6,51.0
5,klinklang,steel,,regular,s3c3,heads,gray,520,0.6,81.0
5,tynamo,electric,,regular,s1c3,fish,white,275,0.2,0.3
5,eelektrik,electric,,regular,s2c3,fish,blue,405,1.2,22.0
5,eelektross,electric,,regular,s3c3,fish,blue,515,2.1,80.5
5,elgyem,psychic,,regular,s1c2,upright,blue,335,0.5,9.0
5,beheeyem,psychic,,regular,s2c2,humanoid,brown,485,1.0,34.5
5,litwick,ghost,fire,regular,s1c3,blob,white,275,0.3,3.1
5,lampent,ghost,fire,regular,s2c3,arms,black,370,0.6,13.0
5,chandelure,ghost,fire,regular,s3c3,arms,black,520,1.0,34.3
5,axew,dragon,,regular,s1c3,upright,green,320,0.6,18.0
5,fraxure,dragon,,regular,s2c3,upright,green,410,1.0,36.0
5,haxorus,dragon,,regular,s3c3,upright,yellow,540,1.8,105.5
5,cubchoo,ice,,regular,s1c2,upright,white,305,0.5,8.5
5,beartic,ice,,regular,s2c2,quadruped,white,505,2.6,260.0
5,cryogonal,ice,,regular,single,ball,blue,515,1.1,148.0
5,shelmet,bug,,regular,s1c2,ball,red,305,0.4,7.7
5,accelgor,bug,,regular,s2c2,arms,red,495,0.8,25.3
5,stunfisk,ground,electric,regular,single,fish,brown,471,0.7,11.0
5,mienfoo,fighting,,regular,s1c2,upright,yellow,350,0.9,20.0
5,mienshao,fighting,,regular,s2c2,upright,purple,510,1.4,35.5
5,druddigon,dragon,,regular,single,upright,red,485,1.6,139.0
5,golett,ground,ghost,regular,s1c2,humanoid,green,303,1.0,92.0
5,golurk,ground,ghost,regular,s2c2,humanoid,green,483,2.8,330.0
5,pawniard,dark,steel,regular,s1c3,humanoid,red,340,0.5,10.2
5,bisharp,dark,steel,regular,s2c3,humanoid,red,490,1.6,70.0
5,bouffalant,normal,,regular,single,quadruped,brown,490,1.6,94.6
5,rufflet,normal,flying,regular,s1c2,wings,white,350,0.5,10.5
5,braviary,normal,flying,regular,s2c2,wings,red,510,1.5,41.0
5,vullaby,dark,flying,regular,s1c2,wings,brown,370,0.5,9.0
5,mandibuzz,dark,flying,regular,s2c2,wings,brown,510,1.2,39.5
5,heatmor,fire,,regular,single,upright,red,484,1.4,58.0
5,durant,bug,steel,regular,single,armor,gray,484,0.3,33.0
5,deino,dark,dragon,regular,s1c3,quadruped,blue,300,0.8,17.3
5,zweilous,dark,dragon,regular,s2c3,quadruped,blue,420,1.4,50.0
5,hydreigon,dark,dragon,regular,s3c3,upright,blue,600,1.8,160.0
5,larvesta,bug,fire,regular,s1c2,armor,white,360,1.1,28.8
5,volcarona,bug,fire,regular,s2c2,bug-wings,white,550,1.6,46.0
5,cobalion,steel,fighting,legendary,single,quadruped,blue,580,2.1,250.0
5,terrakion,rock,fighting,legendary,single,quadruped,gray,580,1.9,260.0
5,virizion,grass,fighting,legendary,single,quadruped,green,580,2.0,200.0
5,tornadus,flying,,legendary,single,arms,green,580,1.5,63.0
5,thundurus,electric,flying,legendary,single,arms,blue,580,1.5,61.0
5,reshiram,dragon,fire,legendary,single,wings,white,680,3.2,330.0
5,zekrom,dragon,electric,legendary,single,upright,black,680,2.9,345.0
5,landorus,ground,flying,legendary,single,arms,brown,600,1.5,68.0
5,kyurem,dragon,ice,legendary,single,upright,gray,660,3.0,325.0
5,keldeo,water,fighting,legendary,single,quadruped,yellow,580,1.4,48.5
5,meloetta,normal,psychic,legendary,single,humanoid,white,600,0.6,6.5
5,genesect,bug,steel,legendary,single,humanoid,purple,600,1.5,82.5
6,chespin,grass,,regular,s1c3,upright,green,313,0.4,9.0
6,quilladin,grass,,regular,s2c3,upright,green,405,0.7,29.0
6,chesnaught,grass,fighting,regular,s3c3,upright,green,530,1.6,90.0
6,fennekin,fire,,regular,s1c3,quadruped,red,307,0.4,9.4
6,braixen,fire,,regular,s2c3,upright,red,409,1.0,14.5
6,delphox,fire,psychic,regular,s3c3,upright,red,534,1.5,39.0
6,froakie,water,,regular,s1c3,quadruped,blue,314,0.3,7.0
6,frogadier,water,,regular,s2c3,humanoid,blue,405,0.6,10.9
6,greninja,water,dark,regular,s3c3,humanoid,blue,530,1.5,40.0
6,bunnelby,normal,,regular,s1c2,upright,brown,237,0.4,5.0
6,diggersby,normal,ground,regular,s2c2,upright,brown,423,1.0,42.4
6,fletchling,normal,flying,regular,s1c3,wings,red,278,0.3,1.7
6,fletchinder,fire,flying,regular,s2c3,wings,red,382,0.7,16.0
6,talonflame,fire,flying,regular,s3c3,wings,red,499,1.2,24.5
6,scatterbug,bug,,regular,s1c3,armor,black,200,0.3,2.5
6,spewpa,bug,,regular,s2c3,blob,black,213,0.3,8.4
6,vivillon,bug,flying,regular,s3c3,bug-wings,white,411,1.2,17.0
6,litleo,fire,normal,regular,s1c2,quadruped,brown,369,0.6,13.5
6,pyroar,fire,normal,regular,s2c2,quadruped,brown,507,1.5,81.5
6,flabebe,fairy,,regular,s1c3,arms,white,303,0.1,0.1
6,floette,fairy,,regular,s2c3,arms,white,371,0.2,0.9
6,florges,fairy,,regular,s3c3,arms,white,552,1.1,10.0
6,skiddo,grass,,regular,s1c2,quadruped,brown,350,0.9,31.0
6,gogoat,grass,,regular,s2c2,quadruped,brown,531,1.7,91.0
6,pancham,fighting,,regular,s1c2,upright,white,348,0.6,8.0
6,pangoro,fighting,dark,regular,s2c2,humanoid,white,495,2.1,136.0
6,furfrou,normal,,regular,single,quadruped,white,472,1.2,28.0
6,espurr,psychic,,regular,s1c2,upright,gray,355,0.3,3.5
6,meowstic,psychic,,regular,s2c2,upright,blue,466,0.6,8.5
6,honedge,steel,ghost,regular,s1c3,blob,brown,325,0.8,2.0
6,doublade,steel,ghost,regular,s2c3,heads,brown,448,0.8,4.5
6,aegislash,steel,ghost,regular,s3c3,blob,brown,500,1.7,53.0
6,spritzee,fairy,,regular,s1c2,arms,pink,341,0.2,0.5
6,aromatisse,fairy,,regular,s2c2,humanoid,pink,462,0.8,15.5
6,swirlix,fairy,,regular,s1c2,legs,white,341,0.4,3.5
6,slurpuff,fairy,,regular,s2c2,humanoid,white,480,0.8,5.0
6,inkay,dark,psychic,regular,s1c2,tentacles,blue,288,0.4,3.5
6,malamar,dark,psychic,regular,s2c2,blob,blue,482,1.5,47.0
6,binacle,rock,water,regular,s1c2,heads,brown,306,0.5,31.0
6,barbaracle,rock,water,regular,s2c2,heads,brown,500,1.3,96.0
6,skrelp,poison,water,regular,s1c2,blob,brown,320,0.5,7.3
6,dragalge,poison,dragon,regular,s2c2,blob,brown,494,1.8,81.5
6,clauncher,water,,regular,s1c2,armor,blue,330,0.5,8.3
6,clawitzer,water,,regular,s2c2,squiggle,blue,500,1.3,35.3
6,helioptile,electric,normal,regular,s1c2,upright,yellow,289,0.5,6.0
6,heliolisk,electric,normal,regular,s2c2,upright,yellow,481,1.0,21.0
6,tyrunt,rock,dragon,regular,s1c2,upright,brown,362,0.8,26.0
6,tyrantrum,rock,dragon,regular,s2c2,upright,red,521,2.5,270.0
6,amaura,rock,ice,regular,s1c2,quadruped,blue,362,1.3,25.2
6,aurorus,rock,ice,regular,s2c2,quadruped,blue,521,2.7,225.0
6,sylveon,fairy,,regular,s2c2,quadruped,pink,525,1.0,23.5
6,hawlucha,fighting,flying,regular,single,humanoid,green,500,0.8,21.5
6,dedenne,electric,fairy,regular,single,upright,yellow,431,0.2,2.2
6,carbink,rock,fairy,regular,single,ball,gray,500,0.3,5.7
6,goomy,dragon,,regular,s1c3,squiggle,purple,300,0.3,2.8
6,sliggoo,dragon,,regular,s2c3,squiggle,purple,452,0.8,17.5
6,goodra,dragon,,regular,s3c3,upright,purple,600,2.0,150.5
6,klefki,steel,fairy,regular,single,ball,gray,470,0.2,3.0
6,phantump,ghost,grass,regular,s1c2,arms,brown,309,0.4,7.0
6,trevenant,ghost,grass,regular,s2c2,tentacles,brown,474,1.5,71.0
6,pumpkaboo,ghost,grass,regular,s1c2,ball,brown,335,0.4,5.0
6,gourgeist,ghost,grass,regular,s2c2,blob,brown,494,0.9,12.5
6,bergmite,ice,,regular,s1c2,quadruped,blue,304,1.0,99.5
6,avalugg,ice,,regular,s2c2,quadruped,blue,514,2.0,505.0
6,noibat,flying,dragon,regular,s1c2,wings,purple,245,0.5,8.0
6,noivern,flying,dragon,regular,s2c2,wings,purple,535,1.5,85.0
6,xerneas,fairy,,legendary,single,quadruped,blue,680,3.0,215.0
6,yveltal,dark,flying,legendary,single,wings,red,680,5.8,203.0
6,zygarde,dragon,ground,legendary,single,squiggle,green,600,5.0,305.0
6,diancie,rock,fairy,legendary,single,arms,pink,600,0.7,8.8
6,hoopa,psychic,ghost,legendary,single,arms,purple,600,0.5,9.0
6,volcanion,fire,water,legendary,single,quadruped,brown,600,1.7,195.0
7,rowlet,grass,flying,regular,s1c3,wings,brown,320,0.3,1.5
7,dartrix,grass,flying,regular,s2c3,wings,brown,420,0.7,16.0
7,decidueye,grass,ghost,regular,s3c3,wings,brown,530,1.6,36.6
7,litten,fire,,regular,s1c3,quadruped,red,320,0.4,4.3
7,torracat,fire,,regular,s2c3,quadruped,red,420,0.7,25.0
7,incineroar,fire,dark,regular,s3c3,upright,red,530,1.8,83.0
7,popplio,water,,regular,s1c3,fish,blue,320,0.4,7.5
7,brionne,water,,regular,s2c3,fish,blue,420,0.6,17.5
7,primarina,water,fairy,regular,s3c3,fish,blue,530,1.8,44.0
7,pikipek,normal,flying,regular,s1c3,wings,black,265,0.3,1.2
7,trumbeak,normal,flying,regular,s2c3,wings,black,355,0.6,14.8
7,toucannon,normal,flying,regular,s3c3,wings,black,485,1.1,26.0
7,yungoos,normal,,regular,s1c2,quadruped,brown,253,0.4,6.0
7,gumshoos,normal,,regular,s2c2,quadruped,brown,418,0.7,14.2
7,grubbin,bug,,regular,s1c3,armor,gray,300,0.4,4.4
7,charjabug,bug,electric,regular,s2c3,squiggle,green,400,0.5,10.5
7,vikavolt,bug,electric,regular,s3c3,armor,blue,500,1.5,45.0
7,crabrawler,fighting,,regular,s1c2,armor,purple,338,0.6,7.0
7,crabominable,fighting,ice,regular,s2c2,armor,white,478,1.7,180.0
7,oricorio,fire,flying,regular,single,wings,red,476,0.6,3.4
7,cutiefly,bug,fairy,regular,s1c2,armor,yellow,304,0.1,0.2
7,ribombee,bug,fairy,regular,s2c2,bug-wings,yellow,464,0.2,0.5
7,rockruff,rock,,regular,s1c2,quadruped,brown,280,0.5,9.2
7,lycanroc,rock,,regular,s2c2,quadruped,brown,487,0.8,25.0
7,wishiwashi,water,,regular,single,fish,blue,175,0.2,0.3
7,mareanie,poison,water,regular,s1c2,blob,blue,305,0.4,8.0
7,toxapex,poison,water,regular,s2c2,tentacles,blue,495,0.7,14.5
7,mudbray,ground,,regular,s1c2,quadruped,brown,385,1.0,110.0
7,mudsdale,ground,,regular,s2c2,quadruped,brown,500,2.5,920.0
7,dewpider,water,bug,regular,s1c2,legs,green,269,0.3,4.0
7,araquanid,water,bug,regular,s2c2,armor,green,454,1.8,82.0
7,fomantis,grass,,regular,s1c2,upright,pink,250,0.3,1.5
7,lurantis,grass,,regular,s2c2,humanoid,pink,480,0.9,18.5
7,morelull,grass,fairy,regular,s1c2,blob,purple,285,0.2,1.5
7,shiinotic,grass,fairy,regular,s2c2,humanoid,purple,405,1.0,11.5
7,salandit,poison,fire,regular,s1c2,quadruped,black,320,0.6,4.8
7,salazzle,poison,fire,regular,s2c2,quadruped,black,480,1.2,22.2
7,stufful,normal,fighting,regular,s1c2,quadruped,pink,340,0.5,6.8
7,bewear,normal,fighting,regular,s2c2,upright,pink,500,2.1,135.0
7,bounsweet,grass,,regular,s1c3,legs,purple,210,0.3,3.2
7,steenee,grass,,regular,s2c3,humanoid,purple,290,0.7,8.2
7,tsareena,grass,,regular,s3c3,humanoid,purple,510,1.2,21.4
7,comfey,fairy,,regular,single,ball,green,485,0.1,0.3
7,oranguru,normal,psychic,regular,single,humanoid,white,490,1.5,76.0
7,passimian,fighting,,regular,single,upright,white,490,2.0,82.8
7,wimpod,bug,water,regular,s1c2,tentacles,gray,230,0.5,12.0
7,golisopod,bug,water,regular,s2c2,humanoid,gray,530,2.0,108.0
7,sandygast,ghost,ground,regular,s1c2,squiggle,brown,320,0.5,70.0
7,palossand,ghost,ground,regular,s2c2,squiggle,brown,480,1.3,250.0
7,pyukumuku,water,,regular,single,squiggle,black,410,0.3,1.2
7,type_null,normal,,legendary,single,quadruped,gray,534,1.9,120.5
7,silvally,normal,,legendary,s2c2,quadruped,gray,570,2.3,100.5
7,minior,rock,flying,regular,single,ball,brown,440,0.3,40.0
7,komala,normal,,regular,single,humanoid,blue,480,0.4,19.9
7,turtonator,fire,dragon,regular,single,upright,red,485,2.0,212.0
7,togedemaru,electric,steel,regular,single,upright,gray,435,0.3,3.3
7,mimikyu,ghost,fairy,regular,single,squiggle,yellow,476,0.2,0.7
7,bruxish,water,psychic,regular,single,fish,pink,475,0.9,19.0
7,drampa,normal,dragon,regular,single,squiggle,white,485,3.0,185.0
7,dhelmise,ghost,grass,regular,single,blob,green,517,3.9,210.0
7,jangmo_o,dragon,,regular,single,quadruped,gray,300,0.6,29.7
7,hakamo_o,dragon,fighting,regular,single,upright,gray,420,1.2,47.0
7,kommo_o,dragon,fighting,regular,single,upright,gray,600,1.6,78.2
7,tapu_koko,electric,fairy,legendary,single,arms,yellow,570,1.8,20.5
7,tapu_lele,psychic,fairy,legendary,single,arms,pink,570,1.2,18.6
7,tapu_bulu,grass,fairy,legendary,single,arms,red,570,1.9,45.5
7,tapu_fini,water,fairy,legendary,single,arms,purple,570,1.3,21.2
7,cosmog,psychic,,legendary,s1c3,ball,blue,200,0.2,0.1
7,cosmoem,psychic,,legendary,s2c3,ball,blue,400,0.1,999.9
7,solgaleo,psychic,steel,legendary,s3c3,quadruped,white,680,3.4,230.0
7,lunala,psychic,ghost,legendary,s3c3,wings,purple,680,4.0,120.0
7,nihilego,rock,poison,regular,single,tentacles,white,570,1.2,55.5
7,buzzwole,bug,fighting,regular,single,tentacles,red,570,2.4,333.6
7,pheromosa,bug,fighting,regular,single,humanoid,white,570,1.8,25.0
7,xurkitree,electric,,regular,single,upright,black,570,3.8,100.0
7,celesteela,steel,flying,regular,single,humanoid,green,570,9.2,999.9
7,kartana,grass,steel,regular,single,humanoid,white,570,0.3,0.1
7,guzzlord,dark,dragon,regular,single,upright,black,570,5.5,888.0
7,necrozma,psychic,,legendary,single,arms,black,600,2.4,230.0
7,magearna,steel,fairy,legendary,single,humanoid,gray,600,1.0,80.5
7,marshadow,fighting,ghost,legendary,single,humanoid,gray,600,0.7,22.2
7,poipole,poison,,regular,s1c2,upright,purple,420,0.6,1.8
7,naganadel,poison,dragon,regular,s2c2,wings,purple,540,3.6,150.0
7,stakataka,rock,steel,regular,single,quadruped,gray,570,5.5,820.0
7,blacephalon,fire,ghost,regular,single,humanoid,white,570,1.8,13.0
7,zeraora,electric,,legendary,single,humanoid,yellow,600,1.5,44.5
7,meltan,steel,,legendary,s1c2,ball,gray,300,0.2,8.0
7,melmetal,steel,,legendary,s2c2,humanoid,gray,600,2.5,800.0
8,grookey,grass,,regular,s1c3,upright,green,310,0.3,5.0
8,thwackey,grass,,regular,s2c3,upright,green,420,0.7,14.0
8,rillaboom,grass,,regular,s3c3,humanoid,green,530,2.1,90.0
8,scorbunny,fire,,regular,s1c3,upright,white,310,0.3,4.5
8,raboot,fire,,regular,s2c3,upright,gray,420,0.6,9.0
8,cinderace,fire,,regular,s3c3,upright,white,530,1.4,33.0
8,sobble,water,,regular,s1c3,quadruped,blue,310,0.3,4.0
8,drizzile,water,,regular,s2c3,upright,blue,420,0.7,11.5
8,inteleon,water,,regular,s3c3,upright,blue,530,1.9,45.2
8,skwovet,normal,,regular,s1c2,upright,brown,275,0.3,2.5
8,greedent,normal,,regular,s2c2,upright,brown,460,0.6,6.0
8,rookidee,flying,,regular,s1c3,wings,blue,245,0.2,1.8
8,corvisquire,flying,,regular,s2c3,wings,blue,365,0.8,16.0
8,corviknight,flying,steel,regular,s3c3,wings,purple,495,2.2,75.0
8,blipbug,bug,,regular,s1c3,armor,blue,180,0.4,8.0
8,dottler,bug,psychic,regular,s2c3,armor,yellow,335,0.4,19.5
8,orbeetle,bug,psychic,regular,s3c3,wings,red,505,0.4,40.8
8,nickit,dark,,regular,s1c2,quadruped,brown,245,0.6,8.9
8,thievul,dark,,regular,s2c2,quadruped,brown,455,1.2,19.9
8,gossifleur,grass,,regular,s1c2,blob,green,250,0.4,2.2
8,eldegoss,grass,,regular,s2c2,blob,green,460,0.5,2.5
8,wooloo,normal,,regular,s1c2,quadruped,white,270,0.6,6.0
8,dubwool,normal,,regular,s2c2,quadruped,white,490,1.3,43.0
8,chewtle,water,,regular,s1c2,quadruped,green,284,0.3,8.5
8,drednaw,water,rock,regular,s2c2,quadruped,green,485,1.0,115.5
8,yamper,electric,,regular,s1c2,quadruped,yellow,270,0.3,13.5
8,boltund,electric,,regular,s2c2,quadruped,yellow,490,1.0,34.0
8,rolycoly,rock,,regular,s1c3,ball,black,240,0.3,12.0
8,carkol,rock,fire,regular,s2c3,legs,black,410,1.1,78.0
8,coalossal,rock,fire,regular,s3c3,humanoid,black,510,2.8,310.5
8,applin,grass,dragon,regular,s1c3,squiggle,green,260,0.2,0.5
8,flapple,grass,dragon,regular,s2c3,wings,green,485,0.3,1.0
8,appletun,grass,dragon,regular,s2c3,quadruped,green,485,0.4,13.0
8,silicobra,ground,,regular,s1c2,squiggle,green,315,2.2,7.6
8,sandaconda,ground,,regular,s2c2,squiggle,green,510,3.8,65.5
8,cramorant,flying,water,regular,single,wings,blue,475,0.8,18.0
8,arrokuda,water,,regular,s1c2,fish,brown,280,0.5,1.0
8,barraskewda,water,,regular,s2c2,fish,brown,490,1.3,30.0
8,toxel,electric,poison,regular,s1c2,upright,purple,242,0.4,11.0
8,toxtricity,electric,poison,regular,s2c2,upright,purple,502,1.6,40.0
8,sizzlipede,fire,bug,regular,s1c2,tentacles,red,305,0.7,1.0
8,centiskorch,fire,bug,regular,s2c2,tentacles,red,525,3.0,120.0
8,clobbopus,fighting,,regular,s1c2,tentacles,brown,310,0.6,4.0
8,grapploct,fighting,,regular,s2c2,tentacles,blue,480,1.6,39.0
8,sinistea,ghost,,regular,s1c2,ball,purple,308,0.1,0.2
8,polteageist,ghost,,regular,s2c2,ball,purple,508,0.2,0.4
8,hatenna,psychic,,regular,s1c3,legs,pink,265,0.4,3.4
8,hattrem,psychic,,regular,s2c3,humanoid,pink,370,0.6,4.8
8,hatterene,psychic,fairy,regular,s3c3,blob,pink,510,2.1,5.1
8,impidimp,dark,fairy,regular,s1c3,humanoid,pink,265,0.4,5.5
8,morgrem,dark,fairy,regular,s2c3,humanoid,pink,370,0.8,12.5
8,grimmsnarl,dark,fairy,regular,s3c3,humanoid,purple,510,1.5,61.0
8,obstagoon,dark,normal,regular,s3c3,upright,gray,520,1.6,46.0
8,perrserker,steel,,regular,s2c2,upright,brown,440,0.8,28.0
8,cursola,ghost,,regular,s2c2,arms,white,510,1.0,0.4
8,sirfetchd,fighting,,regular,s2c2,wings,white,507,0.8,117.0
8,mr_rime,ice,psychic,regular,single,humanoid,purple,520,1.5,58.2
8,runerigus,ground,ghost,regular,s2c2,blob,gray,483,1.6,66.6
8,milcery,fairy,,regular,s1c2,ball,white,270,0.2,0.3
8,alcremie,fairy,,regular,s2c2,blob,white,495,0.3,0.5
8,falinks,fighting,,regular,single,heads,yellow,470,3.0,62.0
8,pincurchin,electric,,regular,single,tentacles,purple,435,0.3,1.0
8,snom,ice,bug,regular,s1c2,squiggle,white,185,0.3,3.8
8,frosmoth,ice,bug,regular,s2c2,bug-wings,white,475,1.3,42.0
8,stonjourner,rock,,regular,single,legs,gray,470,2.5,520.0
8,eiscue,ice,,regular,single,upright,blue,470,1.4,89.0
8,indeedee,psychic,normal,regular,single,upright,purple,475,0.9,28.0
8,morpeko,electric,dark,regular,single,humanoid,yellow,436,0.3,3.0
8,cufant,steel,,regular,s1c2,quadruped,yellow,330,1.2,100.0
8,copperajah,steel,,regular,s2c2,quadruped,green,500,3.0,650.0
8,dracozolt,electric,dragon,regular,single,upright,green,505,1.8,190.0
8,arctozolt,electric,ice,regular,single,upright,blue,505,2.3,150.0
8,dracovish,water,dragon,regular,single,legs,green,505,2.3,215.0
8,arctovish,water,ice,regular,single,fish,blue,505,2.0,175.0
8,duraludon,steel,dragon,regular,s1c2,upright,white,535,1.8,40.0
8,dreepy,dragon,ghost,regular,s1c3,squiggle,green,270,0.5,2.0
8,drakloak,dragon,ghost,regular,s2c3,arms,green,410,1.4,11.0
8,dragapult,dragon,ghost,regular,s3c3,upright,green,600,3.0,50.0
8,zacian,fairy,,legendary,single,quadruped,blue,660,2.8,110.0
8,zamazenta,fighting,,legendary,single,quadruped,red,660,2.9,210.0
8,eternatus,poison,dragon,legendary,single,wings,purple,690,20.0,950.0
8,kubfu,fighting,,legendary,s1c2,upright,gray,385,0.6,12.0
8,urshifu,fighting,dark,legendary,s2c2,humanoid,gray,550,1.9,105.0
8,zarude,dark,grass,legendary,single,upright,green,600,1.8,70.0
8,regieleki,electric,,legendary,single,humanoid,yellow,580,1.2,145.0
8,regidrago,dragon,,legendary,single,humanoid,green,580,2.1,200.0
8,glastrier,ice,,legendary,single,quadruped,white,580,2.2,800.0
8,spectrier,ghost,,legendary,single,quadruped,black,580,2.0,44.5
8,calyrex,psychic,grass,legendary,single,humanoid,green,500,1.1,7.7
8,wyrdeer,normal,psychic,regular,s2c2,quadruped,gray,525,1.8,95.1
8,kleavor,bug,rock,regular,s2c2,bug-wings,brown,500,1.8,89.0
8,ursaluna,ground,normal,regular,s3c3,quadruped,brown,550,2.4,290.0
8,basculegion,water,ghost,regular,s2c2,fish,green,530,3.0,110.0
8,sneasler,fighting,poison,regular,s2c2,upright,gray,510,1.3,43.0
8,overqwil,dark,poison,regular,s2c2,fish,black,510,2.5,60.5
8,enamorus,fairy,flying,legendary,single,arms,pink,580,1.6,48.0
9,sprigatito,grass,,regular,s1c3,quadruped,green,310,0.4,4.1
9,floragato,grass,,regular,s2c3,upright,green,410,0.9,12.2
9,meowscarada,grass,dark,regular,s3c3,upright,green,530,1.5,31.2
9,fuecoco,fire,,regular,s1c3,upright,red,310,0.4,9.8
9,crocalor,fire,,regular,s2c3,upright,red,411,1.0,30.7
9,skeledirge,fire,ghost,regular,s3c3,quadruped,red,530,1.6,326.5
9,quaxly,water,,regular,s1c3,upright,white,310,0.5,6.1
9,quaxwell,water,,regular,s2c3,upright,blue,410,1.2,21.5
9,quaquaval,water,fighting,regular,s3c3,upright,blue,530,1.8,61.9
9,lechonk,normal,,regular,s1c2,quadruped,gray,254,0.5,10.2
9,oinkologne,normal,,regular,s2c2,quadruped,gray,489,1.0,120.0
9,tarountula,bug,,regular,s1c2,armor,white,210,0.3,4.0
9,spidops,bug,,regular,s2c2,armor,green,404,1.0,16.5
9,nymble,bug,,regular,s1c2,armor,gray,210,0.2,1.0
9,lokix,bug,dark,regular,s2c2,humanoid,gray,450,1.0,17.5
9,pawmi,electric,,regular,s1c3,quadruped,yellow,240,0.3,2.5
9,pawmo,electric,fighting,regular,s2c3,upright,yellow,350,0.4,6.5
9,pawmot,electric,fighting,regular,s3c3,upright,yellow,490,0.9,41.0
9,tandemaus,normal,,regular,s1c2,heads,white,305,0.3,1.8
9,maushold,normal,,regular,s2c2,heads,white,470,0.3,2.3
9,fidough,fairy,,regular,s1c2,quadruped,yellow,312,0.3,10.9
9,dachsbun,fairy,,regular,s2c2,quadruped,brown,477,0.5,14.9
9,smoliv,grass,normal,regular,s1c3,legs,green,260,0.3,6.5
9,dolliv,grass,normal,regular,s2c3,humanoid,green,354,0.6,11.9
9,arboliva,grass,normal,regular,s3c3,humanoid,green,510,1.4,48.2
9,squawkabilly,normal,flying,regular,single,wings,green,417,0.6,2.4
9,nacli,rock,,regular,s1c3,ball,brown,280,0.4,16.0
9,naclstack,rock,,regular,s2c3,quadruped,brown,355,0.6,105.0
9,garganacl,rock,,regular,s3c3,humanoid,brown,500,2.3,240.0
9,charcadet,fire,,regular,s1c2,humanoid,red,255,0.6,10.5
9,armarouge,fire,psychic,regular,s2c2,humanoid,red,525,1.5,85.0
9,ceruledge,fire,ghost,regular,s2c2,humanoid,blue,525,1.6,62.0
9,tadbulb,electric,,regular,s1c2,ball,yellow,272,0.3,0.4
9,bellibolt,electric,,regular,s2c2,humanoid,green,495,1.2,113.0
9,wattrel,electric,flying,regular,s1c2,wings,black,280,0.4,3.6
9,kilowattrel,electric,flying,regular,s2c2,wings,yellow,490,1.4,38.6
9,maschiff,dark,,regular,s1c2,quadruped,brown,340,0.5,16.0
9,mabosstiff,dark,,regular,s2c2,quadruped,gray,505,1.1,61.0
9,shroodle,poison,normal,regular,s1c2,quadruped,gray,290,0.2,0.7
9,grafaiai,poison,normal,regular,s2c2,upright,gray,485,0.7,27.2
9,bramblin,grass,ghost,regular,s1c2,ball,brown,275,0.6,0.6
9,brambleghast,grass,ghost,regular,s2c2,ball,brown,480,1.2,6.0
9,toedscool,ground,grass,regular,s1c2,legs,yellow,335,0.9,33.0
9,toedscruel,ground,grass,regular,s2c2,tentacles,black,515,1.9,58.0
9,klawf,rock,,regular,single,armor,red,450,1.3,79.0
9,capsakid,grass,,regular,s1c2,upright,green,304,0.3,3.0
9,scovillain,grass,fire,regular,s2c2,upright,green,486,0.9,15.0
9,rellor,bug,,regular,s1c2,armor,brown,270,0.2,1.0
9,rabsca,bug,psychic,regular,s2c2,armor,green,470,0.3,3.5
9,flittle,psychic,,regular,s1c2,legs,yellow,255,0.2,1.5
9,espathra,psychic,,regular,s2c2,upright,yellow,481,1.9,90.0
9,tinkatink,fairy,steel,regular,s1c3,humanoid,pink,297,0.4,8.9
9,tinkatuff,fairy,steel,regular,s2c3,humanoid,pink,380,0.7,59.1
9,tinkaton,fairy,steel,regular,s3c3,humanoid,pink,506,0.7,112.8
9,wiglett,water,,regular,s1c2,blob,white,245,1.2,1.8
9,wugtrio,water,,regular,s2c2,blob,red,425,1.2,5.4
9,bombirdier,flying,dark,regular,single,wings,white,485,1.5,42.9
9,finizen,water,,regular,s1c2,fish,blue,315,1.3,60.2
9,palafin,water,,regular,s2c2,fish,blue,457,1.3,60.2
9,varoom,steel,poison,regular,s1c2,legs,gray,300,1.0,35.0
9,revavroom,steel,poison,regular,s2c2,legs,gray,500,1.8,120.0
9,cyclizar,dragon,normal,regular,single,quadruped,green,501,1.6,63.0
9,orthworm,steel,,regular,single,squiggle,pink,480,2.5,310.0
9,glimmet,rock,poison,regular,s1c2,ball,blue,350,0.7,8.0
9,glimmora,rock,poison,regular,s2c2,ball,blue,525,1.5,45.0
9,greavard,ghost,,regular,s1c2,quadruped,white,290,0.6,35.0
9,houndstone,ghost,,regular,s2c2,quadruped,white,488,2.0,15.0
9,flamigo,flying,fighting,regular,single,wings,pink,500,1.6,37.0
9,cetoddle,ice,,regular,s1c2,upright,white,334,1.2,45.0
9,cetitan,ice,,regular,s2c2,upright,white,521,4.5,700.0
9,veluza,water,psychic,regular,single,fish,gray,478,2.5,90.0
9,dondozo,water,,regular,single,fish,blue,530,12.0,220.0
9,tatsugiri,dragon,water,regular,single,fish,pink,475,0.3,8.0
9,annihilape,fighting,ghost,regular,s3c3,humanoid,gray,535,1.2,56.0
9,clodsire,poison,ground,regular,s2c2,quadruped,brown,430,1.8,223.0
9,farigiraf,normal,psychic,regular,s2c2,quadruped,brown,520,3.2,160.0
9,dudunsparce,normal,,regular,s2c2,squiggle,yellow,520,3.6,39.2
9,kingambit,dark,steel,regular,s3c3,humanoid,black,550,2.0,120.0
9,great_tusk,ground,fighting,regular,single,quadruped,purple,570,2.2,320.0
9,scream_tail,fairy,psychic,regular,single,upright,pink,570,1.2,8.0
9,brute_bonnet,grass,dark,regular,single,quadruped,gray,570,1.2,21.0
9,flutter_mane,ghost,fairy,regular,single,wings,gray,570,1.4,4.0
9,slither_wing,bug,fighting,regular,single,quadruped,red,570,3.2,92.0
9,sandy_shocks,electric,ground,regular,single,quadruped,gray,570,2.3,60.0
9,iron_treads,ground,steel,regular,single,quadruped,gray,570,0.9,240.0
9,iron_bundle,ice,water,regular,single,upright,red,570,0.6,11.0
9,iron_hands,fighting,electric,regular,single,humanoid,gray,570,1.8,380.7
9,iron_jugulis,dark,flying,regular,single,upright,blue,570,1.3,111.0
9,iron_moth,fire,poison,regular,single,bug-wings,yellow,570,1.2,36.0
9,iron_thorns,rock,electric,regular,single,upright,green,570,1.6,303.0
9,frigibax,dragon,ice,regular,s1c3,upright,gray,320,0.5,17.0
9,arctibax,dragon,ice,regular,s2c3,upright,gray,423,0.8,30.0
9,baxcalibur,dragon,ice,regular,s3c3,upright,gray,600,2.1,210.0
9,gimmighoul,ghost,,regular,s1c2,blob,brown,300,0.3,5.0
9,gholdengo,steel,ghost,regular,s2c2,humanoid,yellow,550,1.2,30.0
9,wo_chien,dark,grass,legendary,single,squiggle,brown,570,1.5,74.2
9,chien_pao,dark,ice,legendary,single,quadruped,white,570,1.9,152.2
9,ting_lu,dark,ground,legendary,single,quadruped,brown,570,2.7,699.7
9,chi_yu,dark,fire,legendary,single,fish,red,570,0.4,4.9
9,roaring_moon,dragon,dark,regular,single,quadruped,green,590,2.0,380.0
9,iron_valiant,fairy,fighting,regular,single,humanoid,white,590,1.4,35.0
9,koraidon,fighting,dragon,legendary,single,upright,red,670,2.5,303.0
9,miraidon,electric,dragon,legendary,single,quadruped,blue,670,3.5,240.0
9,walking_wake,water,dragon,legendary,single,upright,blue,590,3.5,280.0
9,iron_leaves,grass,psychic,legendary,single,quadruped,green,590,1.5,125.0
9,dipplin,grass,dragon,regular,s2c3,heads,green,485,0.4,9.7
9,poltchageist,grass,ghost,regular,s1c2,ball,green,308,0.1,1.1
9,sinistcha,grass,ghost,regular,s2c2,ball,green,508,0.2,2.2
9,okidogi,poison,fighting,legendary,single,upright,black,555,1.8,92.2
9,munkidori,poison,psychic,legendary,single,humanoid,black,555,1.0,12.2
9,fezandipiti,poison,fairy,legendary,single,wings,black,555,1.4,30.1
9,ogerpon,grass,,legendary,single,humanoid,green,550,1.2,39.8
9,archaludon,steel,dragon,regular,s2c2,upright,white,600,2.0,60.0
9,hydrapple,grass,dragon,regular,s3c3,heads,green,540,1.8,93.0
9,gouging_fire,fire,dragon,legendary,single,quadruped,brown,590,3.5,590.0
9,raging_bolt,electric,dragon,legendary,single,quadruped,yellow,590,5.2,480.0
9,iron_boulder,rock,psychic,legendary,single,quadruped,gray,590,1.5,162.5
9,iron_crown,steel,psychic,legendary,single,quadruped,blue,590,1.6,156.0
9,terapagos,normal,,legendary,single,quadruped,blue,450,0.2,6.5
9,pecharunt,poison,ghost,legendary,single,ball,purple,600,0.3,0.3
7,rattata_alola,dark,normal,regular,s1c2,quadruped,purple,253,0.3,3.8
7,raticate_alola,dark,normal,regular,s2c2,quadruped,brown,413,0.7,25.5
7,raichu_alola,electric,psychic,regular,s3c3,upright,yellow,485,0.7,21.0
7,sandshrew_alola,ice,steel,regular,s1c2,upright,yellow,300,0.7,40.0
7,sandslash_alola,ice,steel,regular,s2c2,upright,yellow,450,1.2,55.0
7,vulpix_alola,ice,,regular,s1c2,quadruped,brown,299,0.6,9.9
7,ninetales_alola,ice,fairy,regular,s2c2,quadruped,yellow,505,1.1,19.9
7,diglett_alola,ground,steel,regular,s1c2,blob,brown,265,0.2,1.0
7,dugtrio_alola,ground,steel,regular,s2c2,heads,brown,425,0.7,66.6
7,meowth_alola,dark,,regular,s1c2,quadruped,yellow,290,0.4,4.2
7,persian_alola,dark,,regular,s2c2,quadruped,yellow,440,1.1,33.0
7,geodude_alola,rock,electric,regular,s1c3,arms,brown,300,0.4,20.3
7,graveler_alola,rock,electric,regular,s2c3,humanoid,brown,390,1.0,110.0
7,golem_alola,rock,electric,regular,s3c3,humanoid,brown,495,1.7,316.0
7,grimer_alola,poison,dark,regular,s1c2,arms,purple,325,0.7,42.0
7,muk_alola,poison,dark,regular,s2c2,arms,purple,500,1.0,52.0
7,exeggutor_alola,grass,dragon,regular,s2c2,legs,yellow,530,10.9,415.6
7,marowak_alola,fire,ghost,regular,s2c2,upright,brown,425,1.0,34.0
8,meowth_galar,steel,,regular,s1c2,quadruped,yellow,290,0.4,7.5
8,ponyta_galar,psychic,,regular,s1c2,quadruped,yellow,410,0.8,24.0
8,rapidash_galar,psychic,fairy,regular,s2c2,quadruped,yellow,500,1.7,80.0
8,slowpoke_galar,psychic,,regular,s1c2,quadruped,pink,315,1.2,36.0
8,slowbro_galar,poison,psychic,regular,s2c2,upright,pink,490,1.6,70.5
8,slowking_galar,poison,psychic,regular,s2c2,upright,pink,490,1.8,79.5
8,farfetchd_galar,fighting,,regular,s1c2,wings,brown,377,0.8,42.0
8,weezing_galar,poison,fairy,regular,s2c2,heads,purple,490,3.0,16.0
8,mr_mime_galar,ice,psychic,regular,single,humanoid,pink,460,1.4,56.8
8,articuno_galar,psychic,flying,legendary,single,wings,blue,580,1.7,50.9
8,zapdos_galar,fighting,flying,legendary,single,wings,yellow,580,1.6,58.2
8,moltres_galar,dark,flying,legendary,single,wings,yellow,580,2.0,66.0
8,corsola_galar,ghost,,regular,s1c2,armor,pink,410,0.6,0.5
8,zigzagoon_galar,dark,normal,regular,s1c3,quadruped,brown,240,0.4,17.5
8,linoone_galar,dark,normal,regular,s2c3,quadruped,white,420,0.5,32.5
8,darumaka_galar,ice,,regular,s1c2,humanoid,red,315,0.7,40.0
5,darmanitan,ice,fire,regular,s2c2,quadruped,red,540,1.7,120.0
8,yamask_galar,ground,ghost,regular,s1c2,arms,black,303,0.5,1.5
8,stunfisk_galar,ground,steel,regular,single,fish,brown,471,0.7,20.5
9,growlithe_hisui,fire,rock,regular,s1c2,quadruped,brown,350,0.8,22.7
9,arcanine_hisui,fire,rock,regular,s2c2,quadruped,brown,555,2.0,168.0
9,voltorb_hisui,electric,grass,regular,s1c2,ball,red,330,0.5,13.0
9,electrode_hisui,electric,grass,regular,s2c2,ball,red,490,1.2,71.0
9,typhlosion_hisui,fire,ghost,regular,s3c3,quadruped,yellow,534,1.6,69.8
9,qwilfish_hisui,dark,poison,regular,s1c2,fish,gray,440,0.5,3.9
9,sneasel_hisui,fighting,poison,regular,s1c2,upright,black,430,0.9,27.0
9,samurott_hisui,water,dark,regular,s3c3,quadruped,blue,528,1.5,58.2
9,lilligant_hisui,grass,fighting,regular,s2c2,blob,green,480,1.2,19.2
9,zorua_hisui,normal,ghost,regular,s1c2,quadruped,gray,330,0.7,12.5
9,zoroark_hisui,normal,ghost,regular,s2c2,upright,gray,510,1.6,73.0
9,braviary_hisui,psychic,flying,regular,s2c2,wings,red,510,1.7,43.4
9,sliggoo_hisui,steel,dragon,regular,s2c3,squiggle,purple,452,0.7,68.5
9,goodra_hisui,steel,dragon,regular,s3c3,upright,purple,600,1.7,334.1
9,avalugg_hisui,ice,rock,regular,s2c2,quadruped,blue,514,1.4,262.4
9,decidueye_hisui,grass,fighting,regular,s3c3,wings,brown,530,1.6,37.0
9,dialga_hisui,steel,dragon,legendary,single,quadruped,white,680,7.0,848.7
9,palkia_hisui,water,dragon,legendary,single,upright,purple,680,6.3,659.0
9,wooper_paldea,poison,ground,regular,s1c2,legs,blue,210,0.4,11.0
9,tauros_paldea,fighting,,regular,single,quadruped,brown,490,1.4,115.0
